{"cameraMode":{"drawMode":0,"name":"Shaded","section":"Shading Mode"},"sceneLighting":true,"audioPlay":false,"sceneViewState":{"showFog":true,"showMaterialUpdate":false,"showSkybox":true,"showFlares":true,"showImageEffects":true,"showParticleSystems":true},"in2DMode":false,"pivot":{"x":151.80447387695313,"y":19.36388397216797,"z":25.5084171295166},"rotation":{"x":0.33648207783699038,"y":0.04314581677317619,"z":-0.015450343489646912,"w":0.9407339096069336},"size":5.723023891448975,"orthographic":false}