{"cameraMode":{"drawMode":0,"name":"Shaded","section":"Shading Mode"},"sceneLighting":true,"audioPlay":false,"sceneViewState":{"showFog":true,"showMaterialUpdate":false,"showSkybox":true,"showFlares":true,"showImageEffects":true,"showParticleSystems":true},"in2DMode":false,"pivot":{"x":181.56326293945313,"y":-241.6497802734375,"z":680.8853149414063},"rotation":{"x":-0.4129078984260559,"y":-0.036589059978723529,"z":0.01661202497780323,"w":-0.9099166989326477},"size":334.0353088378906,"orthographic":false}