{"cameraMode":{"drawMode":0,"name":"Shaded","section":"Shading Mode"},"sceneLighting":true,"audioPlay":false,"sceneViewState":{"showFog":true,"showMaterialUpdate":false,"showSkybox":true,"showFlares":true,"showImageEffects":true,"showParticleSystems":true},"in2DMode":false,"pivot":{"x":-1.6895809173583985,"y":-1.3597726821899415,"z":11.870735168457032},"rotation":{"x":-0.09390048682689667,"y":0.8708428144454956,"z":-0.1831643134355545,"w":-0.4464174509048462},"size":14.892765998840332,"orthographic":false}