{"cameraMode":{"drawMode":0,"name":"Shaded","section":"Shading Mode"},"sceneLighting":true,"audioPlay":false,"sceneViewState":{"showFog":true,"showMaterialUpdate":false,"showSkybox":true,"showFlares":true,"showImageEffects":true,"showParticleSystems":true},"in2DMode":false,"pivot":{"x":558.37060546875,"y":-190.3604736328125,"z":968.7561645507813},"rotation":{"x":-0.17265349626541139,"y":-0.6950557827949524,"z":0.17790773510932923,"w":-0.6750004291534424},"size":345.12060546875,"orthographic":false}