{"cameraMode":{"drawMode":0,"name":"Shaded","section":"Shading Mode"},"sceneLighting":true,"audioPlay":false,"sceneViewState":{"showFog":true,"showMaterialUpdate":false,"showSkybox":true,"showFlares":true,"showImageEffects":true,"showParticleSystems":true},"in2DMode":false,"pivot":{"x":187.97634887695313,"y":-269.365234375,"z":582.248046875},"rotation":{"x":0.24036499857902528,"y":0.047378867864608768,"z":-0.01180807501077652,"w":0.9696127772331238},"size":323.8692626953125,"orthographic":false}