{"cameraMode":{"drawMode":0,"name":"Shaded","section":"Shading Mode"},"sceneLighting":true,"audioPlay":false,"sceneViewState":{"showFog":true,"showMaterialUpdate":false,"showSkybox":true,"showFlares":true,"showImageEffects":true,"showParticleSystems":true},"in2DMode":false,"pivot":{"x":1425.129150390625,"y":-507.10906982421877,"z":213.14630126953126},"rotation":{"x":0.12447882443666458,"y":0.7556911706924439,"z":-0.15041813254356385,"w":0.6252171993255615},"size":776.8206176757813,"orthographic":false}